id,code_snippet,review,expected_reviews
1,"async function fetchUser(id) {
  const res = await fetch(`/api/users/${id}`);
  const data = await res.json();
  return data;
}","[BUGS] No error handling: fetch() can reject on network failure and res.json() throws if response is not valid JSON. [SECURITY] The `id` parameter is interpolated directly into the URL without sanitization, enabling path traversal attacks (e.g., id='../admin'). [CORRECTNESS] Missing HTTP error check — a 404 or 500 response still resolves the promise, so res.json() will silently return an error payload. [FIX] Check res.ok before parsing, wrap in try/catch, and validate/encode `id` before interpolation.",BUGS|SECURITY|CORRECTNESS|FIX
2,"const cache = {};
function memoize(fn) {
  return function(...args) {
    const key = JSON.stringify(args);
    if (cache[key]) return cache[key];
    cache[key] = fn(...args);
    return cache[key];
  };
}","[BUGS] The cache object is shared across ALL memoized functions — different functions with the same arguments will collide and return wrong results. [CORRECTNESS] JSON.stringify(args) is unreliable as a key: it returns undefined for function arguments, collapses distinct objects with same shape, and throws on circular refs. [PERFORMANCE] Unbounded cache growth — no eviction policy (LRU, TTL, or max-size). [DESIGN] Cache should be scoped per memoized function instance, not globally. [FIX] Create a new Map inside memoize() for each function; use a WeakMap or structured key for complex args.",BUGS|CORRECTNESS|PERFORMANCE|DESIGN|FIX
3,"function flatten(arr) {
  let result = [];
  for (let i = 0; i < arr.length; i++) {
    if (Array.isArray(arr[i])) {
      result = result.concat(flatten(arr[i]));
    } else {
      result.push(arr[i]);
    }
  }
  return result;
}","[PERFORMANCE] result.concat(...) inside a loop is O(n²) — each concat creates a new array and copies all existing elements. Use result.push(...flatten(arr[i])) or a stack-based iterative approach. [ROBUSTNESS] Recursive implementation will throw RangeError: Maximum call stack size exceeded on deeply nested arrays (>10k levels). [STYLE] This is functionally equivalent to arr.flat(Infinity) available in ES2019+. If a custom implementation is needed, prefer an iterative approach. [FIX] Rewrite iteratively with a stack, or use arr.flat(Infinity) with a polyfill if legacy support is needed.",PERFORMANCE|ROBUSTNESS|STYLE|FIX
4,"app.get('/user', (req, res) => {
  const { id } = req.query;
  db.query(`SELECT * FROM users WHERE id = ${id}`, (err, result) => {
    if (err) throw err;
    res.json(result);
  });
});","[SECURITY] Critical SQL injection vulnerability — `id` is interpolated directly into the query string. Use parameterized queries: db.query('SELECT * FROM users WHERE id = ?', [id], ...). [SECURITY] SELECT * exposes all columns including sensitive fields (passwords, tokens). Explicitly select only the columns the client needs. [BUGS] throw err inside a callback does not propagate to Express's error handler — it causes an unhandled exception and crashes the process. Pass err to next(err) instead. [SECURITY] No authentication or authorization check — any caller can query any user by id. [INPUT VALIDATION] id is not validated or sanitized before use.",SECURITY|SECURITY|BUGS|SECURITY|INPUT VALIDATION
5,"const EventEmitter = require('events');
const emitter = new EventEmitter();

function startPolling() {
  setInterval(() => {
    emitter.emit('data', fetchLatest());
  }, 1000);
}","[BUGS] fetchLatest() is called synchronously inside the interval — if it returns a Promise, the emitted value will be the Promise object, not the resolved data. Await the result before emitting. [MEMORY LEAK] setInterval returns a handle that is never stored or cleared. If startPolling() is called multiple times, intervals accumulate indefinitely. [ERROR HANDLING] If fetchLatest() throws or rejects, the error is silently swallowed inside the interval callback. [DESIGN] No mechanism to stop the polling (no clearInterval). Expose a stop() function or return the interval handle. [ROBUSTNESS] If the previous fetch hasn't completed before the next interval fires, requests overlap — consider using setTimeout recursively instead.",BUGS|MEMORY LEAK|ERROR HANDLING|DESIGN|ROBUSTNESS
6,"function debounce(fn, delay) {
  let timer;
  return function() {
    clearTimeout(timer);
    timer = setTimeout(fn, delay);
  };
}","[CORRECTNESS] The debounced function discards all arguments — fn is called with no arguments regardless of what the wrapper receives. Should be setTimeout(() => fn.apply(this, arguments), delay) or use rest params. [CORRECTNESS] this context is lost because fn is called as a plain function, not bound to the caller's context. Use an arrow function or .apply(this, args). [EDGE CASES] No immediate execution option (leading-edge debounce), which is often needed for UI interactions to feel responsive. [ROBUSTNESS] No input validation — fn should be checked to be a function, delay should be a non-negative number. [STYLE] Minor: 'timer' is undefined on first call but clearTimeout(undefined) is a no-op, so this works correctly — worth a comment.",CORRECTNESS|CORRECTNESS|EDGE CASES|ROBUSTNESS|STYLE
7,"class UserStore {
  constructor() {
    this.users = [];
  }

  add(user) {
    this.users.push(user);
  }

  getByEmail(email) {
    return this.users.find(u => u.email === email);
  }
}","[PERFORMANCE] getByEmail() is O(n) linear scan on every call. For any non-trivial dataset, maintain an index: a Map<email, user> updated in add() to give O(1) lookups. [CORRECTNESS] No duplicate email validation in add() — inserting two users with the same email makes getByEmail() silently return the first match, hiding the duplicate. [DESIGN] No delete() or update() methods, making this incomplete for real use. [ENCAPSULATION] this.users is a public mutable property — callers can directly mutate the array, bypassing any future validation logic. Use a private field (#users) or freeze access. [VALIDATION] add() does not validate that user has an email property or that it is a non-empty string.",PERFORMANCE|CORRECTNESS|DESIGN|ENCAPSULATION|VALIDATION
8,"async function processItems(items) {
  const results = [];
  for (const item of items) {
    const result = await processItem(item);
    results.push(result);
  }
  return results;
}","[PERFORMANCE] Sequential awaiting in a loop means each item is processed one at a time — total time is the sum of all individual durations. Unless order-of-side-effects matters, use Promise.all(items.map(processItem)) for parallel execution. [ROBUSTNESS] A single rejection from processItem() causes the entire function to throw, discarding all previously completed results. Consider Promise.allSettled() if partial results are acceptable. [SCALABILITY] If items is very large (thousands of entries), Promise.all() will flood the event loop with concurrent requests. Consider a concurrency-limited batch approach (e.g., p-limit) for I/O-bound work. [CORRECTNESS] No error handling around the await — failures propagate as unhandled rejections to the caller without context about which item failed.",PERFORMANCE|ROBUSTNESS|SCALABILITY|CORRECTNESS
9,"function deepClone(obj) {
  return JSON.parse(JSON.stringify(obj));
}","[CORRECTNESS] JSON serialization drops non-serializable values silently: undefined values in objects are removed, functions are dropped, Symbol keys are ignored, and NaN/Infinity become null. [CORRECTNESS] Circular references cause JSON.stringify to throw a TypeError — no error handling is present. [CORRECTNESS] Prototype chain is lost — instances of classes (Date, Map, Set, RegExp, etc.) are converted to plain objects. Date becomes a string, Map/Set become empty objects {}. [PERFORMANCE] For large or deeply nested objects, this is inefficient — full serialization and parsing is slower than recursive cloning for most real-world objects. [FIX] Use structuredClone() (native in Node 17+, modern browsers) for a correct, performant deep clone that handles most built-in types.",CORRECTNESS|CORRECTNESS|CORRECTNESS|PERFORMANCE|FIX
10,"const router = express.Router();

router.post('/login', (req, res) => {
  const { username, password } = req.body;
  const user = users.find(u => u.username === username && u.password === password);
  if (user) {
    req.session.userId = user.id;
    res.json({ success: true });
  } else {
    res.status(401).json({ error: 'Invalid credentials' });
  }
});","[SECURITY] Passwords are being compared in plaintext — passwords must never be stored or compared as raw strings. Use bcrypt.compare() against a bcrypt hash stored in the DB. [SECURITY] Timing attack vulnerability — Array.find() short-circuits on match, creating a measurable timing difference between valid/invalid usernames. Use a constant-time comparison. [SECURITY] No rate limiting or account lockout — this endpoint is trivially brute-forceable. [SECURITY] Session fixation risk — call req.session.regenerate() before setting userId to prevent session fixation attacks. [DESIGN] users appears to be an in-memory array — this won't scale or persist across restarts. [INPUT VALIDATION] No validation that username and password are non-empty strings before use.",SECURITY|SECURITY|SECURITY|SECURITY|DESIGN|INPUT VALIDATION
11,"function throttle(fn, limit) {
  let inThrottle;
  return function() {
    if (!inThrottle) {
      fn();
      inThrottle = true;
      setTimeout(() => inThrottle = false, limit);
    }
  };
}","[CORRECTNESS] Arguments are discarded — fn() is called with no args. Should forward arguments: fn.apply(this, arguments). [CORRECTNESS] this context is not preserved. The wrapper should use apply(this, ...) or an arrow function wrapping fn. [EDGE CASES] The trailing call (last invocation within a throttle window) is silently dropped — often the most important call (e.g., final scroll position). Most production throttle implementations queue and fire the last skipped invocation. [ROBUSTNESS] No validation of fn as a function or limit as a positive number. [DESIGN] Returns no way to cancel or flush the throttle. Consider returning a cancel() method for cleanup on component unmount.",CORRECTNESS|CORRECTNESS|EDGE CASES|ROBUSTNESS|DESIGN
12,"useEffect(() => {
  fetch(`/api/data/${userId}`)
    .then(res => res.json())
    .then(data => setData(data));
}, [userId]);","[BUGS] No cleanup function returned — if userId changes before the fetch completes, the stale response from the previous fetch will still call setData(), causing a state update on an potentially-unmounted component or incorrect data display (race condition). Use an AbortController and cancel the request on cleanup. [ERROR HANDLING] No .catch() handler — network errors and JSON parse errors are silently swallowed; the component will hang in a loading state indefinitely. [CORRECTNESS] Missing loading and error states — the UI has no way to show a spinner or error message. [STYLE] Mixing .then() chains in a useEffect that could more cleanly use an async inner function with try/catch.",BUGS|ERROR HANDLING|CORRECTNESS|STYLE
13,"function* idGenerator() {
  let id = 0;
  while (true) {
    yield id++;
  }
}

const getId = idGenerator();","[CORRECTNESS] id is a JavaScript Number — once it exceeds Number.MAX_SAFE_INTEGER (2^53-1, ~9 quadrillion) increments, the counter loses precision and IDs are no longer unique. Use BigInt if truly unbounded IDs are needed. [DESIGN] The generator instance is module-level global state — this is not safe for concurrent environments (e.g., Worker threads) and is hard to reset in tests. Expose a factory function instead of a singleton. [DESIGN] Returned IDs start at 0 — collisions with falsy checks (if (!id)) are likely; consider starting at 1. [ROBUSTNESS] No ability to reset, seed, or serialize the counter — makes testing and distributed usage fragile.",CORRECTNESS|DESIGN|DESIGN|ROBUSTNESS
14,"const obj = { a: 1, b: 2 };
const doubled = Object.keys(obj).reduce((acc, key) => {
  acc[key] = obj[key] * 2;
  return acc;
}, {});","[CORRECTNESS] Object.keys() only enumerates own enumerable string-keyed properties — Symbol-keyed properties are silently dropped. If the input has Symbol keys, they will be missing from doubled. [ROBUSTNESS] obj[key] * 2 assumes all values are numbers — non-numeric values produce NaN with no error, which can silently corrupt downstream logic. [STYLE] This pattern is valid but verbose; Object.fromEntries(Object.entries(obj).map(([k, v]) => [k, v * 2])) is more idiomatic modern JS. [DESIGN] The mutation of acc inside reduce is a side effect within a pure function pattern; while harmless here, it is stylistically inconsistent. [EDGE CASES] No handling for empty obj — though reduce with an initial value handles this correctly, worth noting for clarity.","CORRECTNESS|ROBUSTNESS|STYLE|DESIGN|EDGE CASES"
15,"class Singleton {
  constructor() {
    if (Singleton.instance) {
      return Singleton.instance;
    }
    this.data = {};
    Singleton.instance = this;
  }
}","[CORRECTNESS] The return value from a constructor is ignored when using new — returning Singleton.instance from a constructor does NOT prevent a new object from being created; the caller receives the newly constructed object, not the cached instance. This singleton pattern is broken. [FIX] Use a static getInstance() method that returns the cached instance, or use a module-level variable (the module system itself acts as a singleton in Node.js). [DESIGN] Singleton.instance is a public static property — it can be externally modified or deleted, destroying the singleton guarantee. [TESTING] Singletons are notoriously difficult to test in isolation. Consider dependency injection instead. [THREAD SAFETY] Not a concern in single-threaded JS, but worth noting if this were to run in SharedArrayBuffer/Atomics contexts.",CORRECTNESS|FIX|DESIGN|TESTING|THREAD SAFETY
16,"function parseConfig(json) {
  try {
    return JSON.parse(json);
  } catch(e) {
    return null;
  }
}","[ERROR HANDLING] Silently swallowing the parse error and returning null makes it impossible for callers to distinguish between 'invalid JSON' and 'config is explicitly null'. The error context is lost entirely. [DESIGN] Returning null forces every caller to perform a null check — error propagation is better handled by rethrowing with context: throw new Error(`Invalid config JSON: ${e.message}`). [ROBUSTNESS] No type check on the input — if json is already an object (a common mistake), JSON.parse will coerce it to '[object Object]' and return the string, silently producing a wrong result. [DESIGN] The function name 'parseConfig' implies domain knowledge, but it applies no schema validation after parsing — a valid JSON string containing the wrong structure will pass through silently.",ERROR HANDLING|DESIGN|ROBUSTNESS|DESIGN
17,"window.addEventListener('scroll', () => {
  const scrollTop = window.scrollY;
  document.querySelectorAll('.animated').forEach(el => {
    if (scrollTop > el.offsetTop) {
      el.classList.add('visible');
    }
  });
});","[PERFORMANCE] Scroll events fire at extremely high frequency (60Hz+). Each event triggers a querySelectorAll() DOM query (a full DOM traversal) and reads el.offsetTop for every element, causing forced synchronous layout (layout thrashing). This is a common cause of janky scroll performance. [FIX] Throttle or debounce the scroll handler, or preferably replace entirely with IntersectionObserver which is async and does not block the main thread. [PERFORMANCE] querySelectorAll returns a new NodeList on every scroll event — cache the element list outside the handler. [ROBUSTNESS] No cleanup — the scroll listener persists for the lifetime of the page; in SPAs this leaks across route changes. [CORRECTNESS] offsetTop is relative to the offset parent, not the document — this can produce incorrect comparisons with window.scrollY.",PERFORMANCE|FIX|PERFORMANCE|ROBUSTNESS|CORRECTNESS
18,"function mergeSort(arr) {
  if (arr.length <= 1) return arr;
  const mid = Math.floor(arr.length / 2);
  const left = mergeSort(arr.slice(0, mid));
  const right = mergeSort(arr.slice(mid));
  return merge(left, right);
}

function merge(left, right) {
  const result = [];
  let i = 0, j = 0;
  while (i < left.length && j < right.length) {
    if (left[i] <= right[j]) result.push(left[i++]);
    else result.push(right[j++]);
  }
  return result.concat(left.slice(i)).concat(right.slice(j));
}","[PERFORMANCE] arr.slice() creates a new array on every recursive call — for an array of n elements, total memory allocation is O(n log n). An in-place merge sort with index bounds avoids this. [PERFORMANCE] result.concat(...).concat(...) at the end of merge() creates two intermediate arrays. Use result.push(...left.slice(i), ...right.slice(j)) or a loop to avoid excess allocations. [ROBUSTNESS] No comparator argument — the function only works for arrays of primitives comparable with <=. A production sort should accept a comparator: mergeSort(arr, (a, b) => a - b). [CORRECTNESS] left[i] <= right[j] makes the sort stable (equal elements from left precede right), which is correct behavior — worth documenting explicitly. [EDGE CASES] Handles empty arrays and single-element arrays correctly via the base case.",PERFORMANCE|PERFORMANCE|ROBUSTNESS|CORRECTNESS|i|j|EDGE CASES
19,"const promises = urls.map(url => fetch(url));
Promise.all(promises)
  .then(responses => Promise.all(responses.map(r => r.json())))
  .then(data => console.log(data))
  .catch(err => console.error(err));","[ROBUSTNESS] Promise.all() fails fast — a single rejected fetch (network error, CORS, etc.) causes the entire chain to reject, discarding all successful responses. Use Promise.allSettled() if partial success is acceptable. [CORRECTNESS] responses.map(r => r.json()) does not check r.ok — a 404 or 500 response will attempt to parse the error body as JSON, which may succeed (returning an error object) or throw, both silently misrepresenting failures. [ERROR HANDLING] The catch only logs the error — the caller has no way to react to failures. The function should propagate errors or return a structured result. [PERFORMANCE] All fetches are fired simultaneously with no concurrency limit — for large arrays of URLs this can overwhelm the server or hit browser connection limits. [DESIGN] Side effect (console.log) inside data pipeline — separate data fetching from rendering/logging.",ROBUSTNESS|CORRECTNESS|ERROR HANDLING|PERFORMANCE|DESIGN
20,"function isEqual(a, b) {
  return JSON.stringify(a) === JSON.stringify(b);
}","[CORRECTNESS] JSON.stringify does not guarantee consistent key ordering across JavaScript engines for plain objects — {a:1, b:2} and {b:2, a:1} may or may not stringify to the same string depending on insertion order. This makes the equality check unreliable for objects with different property insertion order. [CORRECTNESS] Values that stringify identically but are semantically different are treated as equal: undefined and null both become null in arrays; functions, Symbols, and undefined object values are dropped entirely. [CORRECTNESS] NaN === NaN is false in JS, but JSON.stringify converts NaN to null, so isEqual(NaN, null) returns true. [PERFORMANCE] Full serialization of large objects is O(n) in memory and time — a recursive structural comparison short-circuits on first difference. [FIX] Use a well-tested deep equality library (lodash.isEqual, fast-deep-equal) or implement a recursive structural comparison.",CORRECTNESS|CORRECTNESS|CORRECTNESS|PERFORMANCE|FIX
