id,instruction,generated_code,expected_output
1,"Write C++ code to sum {1,2,3,4,5} and print result.","#include <iostream>
#include <vector>
int main(){std::vector<int> v{1,2,3,4,5};int s=0;for(int x:v)s+=x;std::cout<<s<<'\n';}",15
2,Count vowels in 'benchmarking' and print count.,"#include <iostream>
#include <string>
#include <cctype>
int main(){std::string s=""benchmarking"";int c=0;for(char ch:s){char t=std::tolower((unsigned char)ch);if(t=='a'||t=='e'||t=='i'||t=='o'||t=='u')++c;}std::cout<<c<<'\n';}",3
3,Implement recursive factorial and print factorial(6).,"#include <iostream>
long long f(int n){return n<=1?1:n*f(n-1);}int main(){std::cout<<f(6)<<'\n';}",720
4,Implement DP Fibonacci and print fib(10).,"#include <iostream>
#include <vector>
int main(){int n=10;std::vector<long long> d(n+1);d[1]=1;for(int i=2;i<=n;++i)d[i]=d[i-1]+d[i-2];std::cout<<d[n]<<'\n';}",55
5,Reverse words in 'cpp code generation' and print.,"#include <iostream>
#include <sstream>
#include <vector>
#include <algorithm>
int main(){std::istringstream in(""cpp code generation"");std::vector<std::string> w;for(std::string t;in>>t;)w.push_back(t);std::reverse(w.begin(),w.end());for(size_t i=0;i<w.size();++i){if(i)std::cout<<' ';std::cout<<w[i];}std::cout<<'\n';}",generation code cpp
6,"Print unique values from {1,2,2,3,4,4,5} as comma-separated.","#include <iostream>
#include <vector>
#include <unordered_set>
int main(){std::vector<int> v{1,2,2,3,4,4,5};std::unordered_set<int> seen;bool first=true;for(int x:v)if(!seen.count(x)){seen.insert(x);if(!first)std::cout<<',';std::cout<<x;first=false;}std::cout<<'\n';}","1,2,3,4,5"
7,Sort records by score descending and print top name.,"#include <iostream>
#include <vector>
#include <algorithm>
struct R{std::string n;int s;};int main(){std::vector<R> a{{""A"",7},{""B"",10},{""C"",8}};std::sort(a.begin(),a.end(),[](auto&x,auto&y){return x.s>y.s;});std::cout<<a[0].n<<'\n';}",B
8,"Sum squares of even numbers in {1,2,3,4,5,6}.","#include <iostream>
#include <vector>
int main(){std::vector<int> v{1,2,3,4,5,6};int s=0;for(int x:v)if(x%2==0)s+=x*x;std::cout<<s<<'\n';}",56
9,"Extract age from string {""name"":""Ana"",""age"":29} and print age.","#include <iostream>
#include <string>
int main(){std::string s=""{\""name\"":\""Ana\"",\""age\"":29}"";auto p=s.find(""\""age\"":"");p+=6;std::cout<<std::stoi(s.substr(p))<<'\n';}",29
10,Format 12.34567 to 2 decimals and print.,"#include <iostream>
#include <iomanip>
int main(){std::cout<<std::fixed<<std::setprecision(2)<<12.34567<<'\n';}",12.35
11,"Build Counter class, increment twice, print value.","#include <iostream>
class Counter{public:int v=0;void inc(){++v;}};int main(){Counter c;c.inc();c.inc();std::cout<<c.v<<'\n';}",2
12,"Use lambda capture to add 5 and 7, print result.","#include <iostream>
int main(){auto add5=[x=5](int y){return x+y;};std::cout<<add5(7)<<'\n';}",12
13,One-time wrapper: call 3 times and print executed count.,"#include <iostream>
#include <functional>
std::function<void()> once(std::function<void()> fn){bool done=false;return [fn,done]() mutable {if(done)return;done=true;fn();};}int main(){int c=0;auto f=once([&](){++c;});f();f();f();std::cout<<c<<'\n';}",1
14,Use std::future deferred task to compute 3*4 and print.,"#include <iostream>
#include <future>
int main(){auto fut=std::async(std::launch::deferred,[](){return 12;});std::cout<<fut.get()<<'\n';}",12
15,"Binary search for 7 in {1,3,5,7,9} and print index.","#include <iostream>
#include <vector>
int bs(const std::vector<int>&a,int t){int l=0,r=(int)a.size()-1;while(l<=r){int m=l+(r-l)/2;if(a[m]==t)return m;if(a[m]<t)l=m+1;else r=m-1;}return -1;}int main(){std::cout<<bs({1,3,5,7,9},7)<<'\n';}",3
16,"Run BFS on A:{B,C},B:{D},C:{},D:{} and print order with ->.","#include <iostream>
#include <queue>
#include <unordered_map>
#include <unordered_set>
#include <vector>
int main(){std::unordered_map<std::string,std::vector<std::string>> g{{""A"",{""B"",""C""}},{""B"",{""D""}},{""C"",{}},{""D"",{}}};std::queue<std::string> q;q.push(""A"");std::unordered_set<std::string> seen{""A""};std::vector<std::string> out;while(!q.empty()){auto u=q.front();q.pop();out.push_back(u);for(auto&v:g[u])if(!seen.count(v)){seen.insert(v);q.push(v);}}for(size_t i=0;i<out.size();++i){if(i)std::cout<<""->"";std::cout<<out[i];}std::cout<<'\n';}",A->B->C->D
17,Count frequency of 'c' in 'aabccc'.,"#include <iostream>
#include <string>
int main(){std::string s=""aabccc"";int c=0;for(char ch:s)if(ch=='c')++c;std::cout<<c<<'\n';}",3
18,"Palindrome check ignoring punctuation for 'A man, a plan, a canal: Panama'.","#include <iostream>
#include <string>
#include <algorithm>
#include <cctype>
int main(){std::string s=""A man, a plan, a canal: Panama"",t;for(char ch:s)if(std::isalnum((unsigned char)ch))t.push_back(std::tolower((unsigned char)ch));std::string r=t;std::reverse(r.begin(),r.end());std::cout<<std::boolalpha<<(t==r)<<'\n';}",true
19,"Compute diagonal sum of 3x3 matrix [[1,2,3],[4,5,6],[7,8,9]].","#include <iostream>
int main(){int m[3][3]={{1,2,3},{4,5,6},{7,8,9}};int s=0;for(int i=0;i<3;++i)s+=m[i][i];std::cout<<s<<'\n';}",15
20,Check balanced parentheses for '(()())'.,"#include <iostream>
#include <string>
int main(){std::string s=""(()())"";int b=0;bool ok=true;for(char ch:s){if(ch=='(')++b;else --b;if(b<0){ok=false;break;}}if(b!=0)ok=false;std::cout<<std::boolalpha<<ok<<'\n';}",true
21,Extract numbers from 'x=12;y=7;z=105' and print comma-separated.,"#include <iostream>
#include <regex>
#include <string>
int main(){std::string s=""x=12;y=7;z=105"";std::regex re(""\\d+"");std::sregex_iterator it(s.begin(),s.end(),re),end;bool first=true;for(;it!=end;++it){if(!first)std::cout<<',';std::cout<<it->str();first=false;}std::cout<<'\n';}","12,7,105"
22,Compute percentage change from 80 to 100 and print with one decimal and %.,"#include <iostream>
#include <iomanip>
int main(){double oldV=80,newV=100;double p=(newV-oldV)/oldV*100;std::cout<<std::fixed<<std::setprecision(1)<<p<<""%\n"";}",25.0%
23,"Run Dijkstra on A->B(2),A->C(5),B->C(1) and print shortest distance A->C.","#include <iostream>
#include <vector>
#include <queue>
#include <unordered_map>
#include <limits>
int main(){std::unordered_map<char,std::vector<std::pair<char,int>>> g{{'A',{{'B',2},{'C',5}}},{'B',{{'C',1}}},{'C',{}}};std::unordered_map<char,int> d{{'A',0},{'B',999999},{'C',999999}};using P=std::pair<int,char>;std::priority_queue<P,std::vector<P>,std::greater<P>> pq;pq.push({0,'A'});while(!pq.empty()){auto [du,u]=pq.top();pq.pop();if(du!=d[u])continue;for(auto [v,w]:g[u])if(d[v]>d[u]+w){d[v]=d[u]+w;pq.push({d[v],v});}}std::cout<<d['C']<<'\n';}",3
24,"Compute longest common prefix of {'flower','flow','flight'} and print.","#include <iostream>
#include <vector>
#include <string>
int main(){std::vector<std::string> a{""flower"",""flow"",""flight""};std::string p=a[0];for(size_t i=1;i<a.size();++i)while(a[i].find(p)!=0)p.pop_back();std::cout<<p<<'\n';}",fl
