id,code_snippet,expected_ouput
1,"def add(a, b):
    return a + b
print(add(3, 5))","8"
2,"squares = [x**2 for x in range(1, 6)]
print(squares)","[1, 4, 9, 16, 25]"
3,"person = {'name': 'Alice', 'age': 30}
print(person['name'])","Alice"
4,"for i in range(5):
    print(i)","0
1
2
3
4"
5,"def factorial(n):
    if n == 0:
        return 1
    return n * factorial(n - 1)
print(factorial(5))","120"
6,"nums = [3, 1, 4, 1, 5, 9]
nums.sort()
print(nums)","[1, 1, 3, 4, 5, 9]"
7,"text = 'hello world'
print(text.upper())","HELLO WORLD"
8,"evens = list(filter(lambda x: x % 2 == 0, range(10)))
print(evens)","[0, 2, 4, 6, 8]"
9,"class Dog:
    def __init__(self, name):
        self.name = name
    def bark(self):
        return f'{self.name} says woof!'
d = Dog('Rex')
print(d.bark())","Rex says woof!"
10,"import math
print(math.sqrt(144))","12.0"
11,"words = ['apple', 'banana', 'cherry']
print(', '.join(words))","apple, banana, cherry"
12,"d = {'a': 1, 'b': 2, 'c': 3}
for k, v in d.items():
    print(k, v)","a 1
b 2
c 3"
13,"stack = []
stack.append(1)
stack.append(2)
stack.append(3)
print(stack.pop())","3"
14,"def is_palindrome(s):
    return s == s[::-1]
print(is_palindrome('racecar'))","True"
15,"x = 10
result = 'even' if x % 2 == 0 else 'odd'
print(result)","even"
16,"nums = [1, 2, 3, 4, 5]
total = sum(nums)
print(total)","15"
17,"def greet(name='World'):
    print(f'Hello, {name}!')
greet()
greet('Alice')","Hello, World!
Hello, Alice!"
18,"matrix = [[1, 2], [3, 4], [5, 6]]
flat = [x for row in matrix for x in row]
print(flat)","[1, 2, 3, 4, 5, 6]"
19,"seen = set()
items = [1, 2, 2, 3, 3, 4]
unique = [x for x in items if x not in seen and not seen.add(x)]
print(unique)","[1, 2, 3, 4]"
20,"try:
    result = 10 / 0
except ZeroDivisionError:
    print('Cannot divide by zero')","Cannot divide by zero"
21,"def fibonacci(n):
    a, b = 0, 1
    for _ in range(n):
        yield a
        a, b = b, a + b
print(list(fibonacci(8)))","[0, 1, 1, 2, 3, 5, 8, 13]"
22,"counts = {}
words = ['cat', 'dog', 'cat', 'bird', 'dog', 'cat']
for w in words:
    counts[w] = counts.get(w, 0) + 1
print(counts)","{'cat': 3, 'dog': 2, 'bird': 1}"
23,"nums = [5, 3, 8, 1, 9, 2]
print(max(nums))
print(min(nums))","9
1"
24,"def make_counter():
    count = 0
    def increment():
        nonlocal count
        count += 1
        return count
    return increment
counter = make_counter()
print(counter())
print(counter())","1
2"
25,"pairs = list(zip([1, 2, 3], ['a', 'b', 'c']))
print(pairs)","[(1, 'a'), (2, 'b'), (3, 'c')]"
26,"import json
data = {'key': 'value', 'num': 42}
print(json.dumps(data))","{"key": "value", "num": 42}"
27,"def bubble_sort(arr):
    n = len(arr)
    for i in range(n):
        for j in range(0, n-i-1):
            if arr[j] > arr[j+1]:
                arr[j], arr[j+1] = arr[j+1], arr[j]
    return arr
print(bubble_sort([64, 34, 25, 12]))","[12, 25, 34, 64]"
28,"def greet_all(*names):
    for name in names:
        print(f'Hi, {name}!')
greet_all('Alice', 'Bob', 'Charlie')","Hi, Alice!
Hi, Bob!
Hi, Charlie!"
29,"class Animal:
    def __init__(self, name):
        self.name = name
    def speak(self):
        raise NotImplementedError

class Cat(Animal):
    def speak(self):
        return f'{self.name} says meow'

c = Cat('Whiskers')
print(c.speak())","Whiskers says meow"
30,"from functools import reduce
nums = [1, 2, 3, 4, 5]
product = reduce(lambda x, y: x * y, nums)
print(product)","120"
